{
  "GET Activities" : {
    "transaction" : "GET Activities",
    "sampleCount" : 7,
    "errorCount" : 0,
    "errorPct" : 0.0,
    "meanResTime" : 312.8571428571429,
    "medianResTime" : 280.0,
    "minResTime" : 233.0,
    "maxResTime" : 383.0,
    "pct1ResTime" : 383.0,
    "pct2ResTime" : 383.0,
    "pct3ResTime" : 383.0,
    "throughput" : 17.902813299232736,
    "receivedKBytesPerSec" : 53.16646019820972,
    "sentKBytesPerSec" : 2.6049992007672635
  },
  "Total" : {
    "transaction" : "Total",
    "sampleCount" : 21,
    "errorCount" : 0,
    "errorPct" : 0.0,
    "meanResTime" : 292.90476190476187,
    "medianResTime" : 280.0,
    "minResTime" : 74.0,
    "maxResTime" : 551.0,
    "pct1ResTime" : 497.00000000000006,
    "pct2ResTime" : 546.6999999999999,
    "pct3ResTime" : 551.0,
    "throughput" : 20.73050345508391,
    "receivedKBytesPerSec" : 664.8674651406714,
    "sentKBytesPerSec" : 2.989457366732478
  },
  "GET Books" : {
    "transaction" : "GET Books",
    "sampleCount" : 7,
    "errorCount" : 0,
    "errorPct" : 0.0,
    "meanResTime" : 466.99999999999994,
    "medianResTime" : 451.0,
    "minResTime" : 421.0,
    "maxResTime" : 551.0,
    "pct1ResTime" : 551.0,
    "pct2ResTime" : 551.0,
    "pct3ResTime" : 551.0,
    "throughput" : 10.769230769230768,
    "receivedKBytesPerSec" : 1001.1598557692307,
    "sentKBytesPerSec" : 1.5144230769230769
  },
  "GET Activity" : {
    "transaction" : "GET Activity",
    "sampleCount" : 7,
    "errorCount" : 0,
    "errorPct" : 0.0,
    "meanResTime" : 98.85714285714286,
    "medianResTime" : 108.0,
    "minResTime" : 74.0,
    "maxResTime" : 130.0,
    "pct1ResTime" : 130.0,
    "pct2ResTime" : 130.0,
    "pct3ResTime" : 130.0,
    "throughput" : 20.408163265306122,
    "receivedKBytesPerSec" : 5.739795918367347,
    "sentKBytesPerSec" : 2.9894770408163263
  }
}