{
  "GET Activities" : {
    "transaction" : "GET Activities",
    "sampleCount" : 4,
    "errorCount" : 0,
    "errorPct" : 0.0,
    "meanResTime" : 226.0,
    "medianResTime" : 225.0,
    "minResTime" : 174.0,
    "maxResTime" : 280.0,
    "pct1ResTime" : 280.0,
    "pct2ResTime" : 280.0,
    "pct3ResTime" : 280.0,
    "throughput" : 4.324324324324325,
    "receivedKBytesPerSec" : 12.844172297297296,
    "sentKBytesPerSec" : 0.6292229729729729
  },
  "Total" : {
    "transaction" : "Total",
    "sampleCount" : 12,
    "errorCount" : 0,
    "errorPct" : 0.0,
    "meanResTime" : 165.33333333333331,
    "medianResTime" : 169.5,
    "minResTime" : 52.0,
    "maxResTime" : 367.0,
    "pct1ResTime" : 340.9000000000001,
    "pct2ResTime" : 367.0,
    "pct3ResTime" : 367.0,
    "throughput" : 10.398613518197575,
    "receivedKBytesPerSec" : 333.52486595537266,
    "sentKBytesPerSec" : 1.4995396447140383
  },
  "GET Books" : {
    "transaction" : "GET Books",
    "sampleCount" : 4,
    "errorCount" : 0,
    "errorPct" : 0.0,
    "meanResTime" : 216.5,
    "medianResTime" : 169.5,
    "minResTime" : 160.0,
    "maxResTime" : 367.0,
    "pct1ResTime" : 367.0,
    "pct2ResTime" : 367.0,
    "pct3ResTime" : 367.0,
    "throughput" : 4.784688995215311,
    "receivedKBytesPerSec" : 444.8347319826555,
    "sentKBytesPerSec" : 0.6728468899521531
  },
  "GET Activity" : {
    "transaction" : "GET Activity",
    "sampleCount" : 4,
    "errorCount" : 0,
    "errorPct" : 0.0,
    "meanResTime" : 53.5,
    "medianResTime" : 53.5,
    "minResTime" : 52.0,
    "maxResTime" : 55.0,
    "pct1ResTime" : 55.0,
    "pct2ResTime" : 55.0,
    "pct3ResTime" : 55.0,
    "throughput" : 7.619047619047619,
    "receivedKBytesPerSec" : 2.142857142857143,
    "sentKBytesPerSec" : 1.1160714285714286
  }
}